{
  "swagger" : "2.0",
  "info" : {
    "description" : null,
    "version" : "1.0.0",
    "title" : null,
    "termsOfService" : null,
    "contact" : null,
    "license" : null
  },
  "host" : "dummy.restapiexample.com",
  "basePath" : "/api/v1",
  "schemes" : [ "http" ],
  "paths" : {
    "/employees" : {
      "get" : {
        "tags" : [ "list_of_employees" ],
        "summary" : null,
        "description" : null,
        "operationId" : "list_of_employees",
        "produces" : [ "application/json" ],
        "consumes" : [ "application/json" ],
        "parameters" : [ ],
        "responses" : {
          "200" : {
            "description" : "successful operation",
            "schema" : {
              "$ref" : "#/definitions/list_of_employees"
            }
          }
        }
      }
    }
  },
  "definitions" : {
    "list_of_employees##data" : {
      "properties" : {
        "id" : {
          "type" : "string"
        },
        "employee_name" : {
          "type" : "string"
        },
        "employee_salary" : {
          "type" : "string"
        },
        "employee_age" : {
          "type" : "string"
        },
        "profile_image" : {
          "type" : "string"
        }
      }
    },
    "list_of_employees" : {
      "properties" : {
        "status" : {
          "type" : "string"
        },
        "data" : {
          "type" : "array",
          "items" : {
            "$ref" : "#/definitions/list_of_employees##data"
          }
        }
      }
    }
  }
}